data1,data2,output
-2.509197623,-6.297341423,1
9.014286128,0.838018948,0
4.639878836,7.458916718,0
1.973169684,4.644497728,1
-6.879627191,6.131222957,0
-6.880109593,3.175667334,0
-8.838327757,3.84553129,0
7.323522915,6.983913031,0
2.022300235,-5.006639823,1
4.161451556,-0.211500727,1
-9.588310114,-5.575811164,0
9.398197043,9.75336016,0
6.648852816,8.881186794,0
-5.753217786,-9.211463773,0
-6.363500656,4.11150345,0
-6.331909803,8.504966348,0
-3.915155141,-6.388493097,0
0.495128633,1.358904611,1
-1.361099627,8.309765952,0
-4.175417196,-9.321080428,0
2.237057894,3.948405345,1
-7.210122787,-4.053019853,0
-4.157107029,8.487923908,0
-2.672763134,9.421164903,0
-0.878600316,8.885329782,0
5.703519228,-0.515715667,1
-6.006524357,7.24085302,0
0.284688768,6.890987971,1
1.848291377,-3.617990535,1
-9.070991746,6.578309483,0
2.150897038,-9.259847306,0
-6.589517526,1.92539757,1
-8.69896814,-5.399823254,0
8.977710745,-7.588662284,0
9.312640661,-8.460935967,0
6.167946962,3.925775518,0
-3.907724617,-3.202500725,1
-8.04655772,4.495335431,0
3.68466053,-8.692873184,0
-1.196950125,-3.694193243,1
-7.559235303,0.789825848,0
-0.096461798,5.814463297,1
-9.312229578,-3.624949941,0
8.186408042,2.517827529,0
-4.824400368,7.719554965,0
3.250445687,2.317263764,1
-3.765778478,-5.340810505,1
0.401360424,-9.511984369,0
0.934205587,7.401977478,0
-6.302910889,-9.574611783,0
9.391692555,7.494033454,0
5.502656467,0.578742681,1
8.789978831,8.78135397,0
7.896547009,5.975664715,0
1.957999576,9.958682211,0
8.4374847,-2.985763691,0
-8.230149959,5.343765779,0
-6.080342752,-1.961381728,1
-9.095454222,-0.402487594,0
-3.493393385,2.550109264,1
-2.226454206,7.473542284,0
-4.573019365,9.681669384,0
6.574750183,5.365468277,0
-2.864933466,-1.644664357,1
-4.381309806,-1.572859954,1
0.853921663,4.751646032,1
-7.181515501,-5.224457085,0
6.043939615,-7.790517737,0
-8.508987126,-2.907556847,0
9.737738732,-4.255220167,0
5.444895386,-4.073837591,1
-6.025686369,-5.327844979,0
-9.889557658,-9.158136207,0
6.309228569,-9.642521305,0
4.137146877,9.754447795,0
4.580143361,-1.444537325,1
5.425406934,-2.313467057,1
-8.519106965,3.592945654,0
-2.830685429,-5.634922243,1
-7.682618809,8.999223679,0
7.262068518,5.726900288,0
2.465962537,-8.211779954,0
-3.382039503,-1.648384484,1
-8.728832994,7.582366151,0
-3.780353566,8.894640446,0
-3.496333559,-0.651969775,1
4.592123567,2.268227784,1
2.751149427,-6.659321078,0
7.744254852,9.823372523,0
-0.555701497,-5.366565972,1
-7.608115081,8.854635483,0
4.264895744,2.99293298,1
5.215700972,2.154735898,1
1.225543951,0.25377022,1
5.419343599,-5.386603766,0
-0.124088073,-6.46943936,1
0.454656588,-5.590275819,1
-1.449179633,-6.271234757,1
-9.491617465,5.591689471,0
-7.84217146,-2.997494817,0
-9.371416286,-8.843146469,0
2.728208225,9.382052603,0
-3.712880378,7.675717699,0
0.171413823,8.555045664,0
8.151329479,9.898156453,0
-5.014155417,-6.522095016,0
-1.792341539,-2.075159622,1
5.111022771,5.164769514,0
-5.42403669,3.920412361,1
-8.460401803,-6.922081873,0
-4.204970942,6.3166625,0
-6.775574255,-5.511188563,0
8.593953047,-5.523647704,0
6.162407591,0.739488458,1
2.66807513,1.858798697,1
7.429211804,1.601724157,0
6.073441538,-8.170263252,0
-6.268598822,7.549217253,0
7.85117997,-4.687999148,0
0.786844838,-7.409701574,0
6.148803103,7.774961597,0
7.921825998,9.113029965,0
-3.639930501,7.242552345,0
-7.798961509,6.190321494,0
-5.441296749,3.104839613,1
-1.457844227,1.017147412,1
6.360295318,-8.260264802,0
7.214611665,-1.830935739,0
-9.860957389,-2.54622966,0
0.214946052,-4.804924325,1
-1.651779937,4.468402274,1
-5.557843791,-0.082485298,1
-7.602692653,-8.379075682,0
-3.247696572,-5.596335961,1
8.858194078,3.665175273,0
-3.53594136,-8.47738281,0
0.375812435,7.024138281,1
4.060379178,-0.09706946,1
-2.727407952,-0.388268453,1
9.435641654,1.848155693,0
9.248945899,6.493619319,0
-4.964354083,-3.043815842,1
-0.055029882,3.560323051,1
-3.982433804,1.31463928,1
-4.303190112,-4.659434597,1
-9.262261053,7.572599727,0
2.19128668,5.948520432,1
0.053580465,3.169036693,1
-8.970424975,7.011634582,0
-4.427070715,7.345884019,0
8.165317719,4.167259534,0
-5.208762187,6.740266567,0
-7.102102558,3.949429233,0
-0.210944794,3.602815435,1
9.713009082,2.372227564,0
-5.15889457,5.054332791,0
3.442710948,-6.827897894,0
5.232392307,7.617415184,0
-5.24724912,7.436870555,0
4.564326972,-9.415054339,0
-2.644337346,6.516335011,1
2.646116612,-7.422602651,0
2.670594215,-3.297622915,1
0.715493681,4.870165126,1
-8.194204599,-6.784802079,0
6.706049912,6.359340482,0
-3.584398701,6.642683559,0
-6.269629792,0.149354675,1
-9.184497169,-9.872282566,0
1.817858864,-4.259237337,1
3.551287237,2.338538368,1
-9.668243421,9.623723561,0
0.241861166,2.63627054,1
-5.470084496,-4.803928379,0
2.903455808,2.680114062,1
-6.51267142,0.799707594,1
3.818754762,5.596907903,1
-2.265293074,-7.860387223,0
8.734599775,5.22055805,0
-7.249581117,0.825331574,0
-3.178672979,9.259840077,0
-7.730529575,-3.162556679,0
8.493872366,2.652437863,0
7.546787068,8.64056211,0
-4.841167446,-7.94980544,0
3.199680921,8.744569745,0
6.344444004,3.757714446,0
1.104016232,-8.643258818,0
0.593011567,-3.980728661,1
-5.162954182,4.163441773,1
-8.137944644,-8.652987971,0
7.944315159,1.643409204,0
8.008361143,-3.082338861,0
2.662029145,2.418310355,1
-3.219404179,-9.085159324,0
-3.015808508,7.430736123,0
4.519113577,9.469779384,0
7.942205199,9.377557106,0
7.741728485,4.993036635,0
5.597510917,-7.398275197,0
2.840632923,5.165263919,1
-8.3172007,-9.508261671,0
-6.767425718,-9.557528969,0
7.971083771,-3.527795617,0
2.128581193,-0.227136192,1
-9.816058968,5.408148356,0
-7.970569143,3.665907532,0
3.270035382,-1.081945872,1
-9.898768323,-4.527466674,0
-6.783838972,9.942490003,0
0.974675787,-1.476373955,1
3.837903954,-0.972259513,1
3.03922519,-6.727523576,0
-5.514613811,5.896190975,0
4.243584427,3.873644516,1
-5.25501825,-5.584607744,0
-3.492006037,-8.352379088,0
4.929828102,3.609986041,1
2.992657981,3.090224286,1
6.98446821,-4.53480946,0
3.152257846,9.017271245,0
1.366172067,-6.978842164,0
-8.126504643,-1.353303979,0
-2.645683939,8.872318403,0
-4.695952646,-1.605453661,1
-5.120207132,2.770518953,1
9.460211095,-2.048112041,0
-2.138045507,-4.515695953,1
7.840931104,9.679552959,0
2.62277252,-1.813319874,1
5.896226071,7.881984074,0
0.052741862,-5.400907882,1
1.538077693,-5.737905919,1
-0.149646124,-9.377318342,0
-6.095140244,3.033336508,1
4.449042305,-2.629473126,1
-4.384552751,7.287164997,0
-9.513680671,-0.535801866,0
2.909445918,9.363868558,0
-6.457786412,-6.289489686,0
8.809171687,7.372463359,0
9.07857154,5.531937056,0
8.297287804,5.418436893,0
-2.596825995,6.895664562,0
-9.690867669,5.220479819,0
8.566371252,2.524406433,0
-1.436317034,-7.375102446,0
9.333096381,-9.34947641,0
9.272399542,8.416956956,0
7.060189109,2.33300629,0
-4.111022159,5.93074582,0
-2.298045428,-0.36955297,1
7.02273343,-7.653836221,0
-3.661559897,-7.496284156,0
-6.610145066,3.711305745,0
1.136025249,-1.393882102,1
8.723095483,-5.989505466,0
3.920595933,-0.168109065,1
1.401223402,-8.715821258,0
-8.056470125,1.639428038,0
2.300144534,-4.620131911,1
9.801077002,5.951182013,0
-7.198319695,-3.792760822,0
0.366593047,-0.895597018,1
7.547461439,-9.767589202,0
4.815372355,-8.551062244,0
3.94031482,-2.150128872,1
4.04968168,-0.401223306,1
-2.810176976,2.000410962,1
-4.128163115,-4.166748426,1
6.18722311,3.899637723,0
6.202267894,7.202447944,0
7.341446372,5.597019778,0
8.264811051,-9.207623493,0
0.226847977,-0.389861055,1
0.030325894,-7.901396432,0
5.965903579,-5.159099683,0
2.999278616,9.733251865,0
4.039337545,-7.150089142,0
5.915853389,-0.022236931,1
7.800106836,2.363114686,0
-3.240096863,4.049299411,1
-2.488340947,1.19297367,1
-8.120361203,-9.804583052,0
1.56560282,-3.470773835,1
-9.281154524,0.354232868,0
-0.688039637,-8.242670017,0
0.852892694,-2.987461376,1
-4.269174957,-9.335937824,0
1.816665211,-8.428430057,0
-9.389995001,-2.061534476,0
-9.253036225,-7.345684919,0
6.452011213,1.350816965,1
-2.796187172,3.789299383,1
-7.458789747,6.011733982,0
0.444865201,-5.996995115,1
5.399871062,-6.650348355,0
-5.68357945,-7.908643193,0
2.457809516,2.728604991,1
-8.2930507,4.12951453,0
-8.966365577,-9.368277103,0
0.627092631,8.724244925,0
0.812702432,-8.960574327,0
2.74859803,0.825926706,1
4.521826674,4.181210389,1
9.517041589,7.419382475,0
0.326006966,4.281738643,1
-3.540870541,6.034561661,1
5.903723895,-3.210996149,1
-4.583354975,6.296502275,0
-1.220571586,-8.397703072,0
-8.430872373,7.896333121,0
-9.492985132,0.951847523,0
9.252968294,6.345955399,0
6.71960241,-0.95363431,1
3.919484122,2.871553904,1
-1.820941112,0.528053219,1
-6.534113599,4.631790435,0
-6.871259147,-8.367400359,0
-4.995142037,-8.79295832,0
0.984533294,-5.05793532,1
4.291918454,-6.809106398,0
3.203947534,7.435671332,0
-4.401322061,-5.615720253,0
9.097305613,9.517305116,0
4.757938334,-3.262084165,1
1.08708105,-6.357641686,1
2.234414925,5.793970143,1
-1.607998751,3.17415551,1
-5.04538021,-0.036085671,1
-2.880546427,1.107271019,1
5.156922209,4.384035565,1
-9.712130227,-5.430905173,0
-7.67854719,9.926678321,0
-9.07994716,9.495863243,0
-9.185423954,3.006513727,0
7.10921168,-6.009150981,0
4.073157188,3.604564849,1
-0.516523418,-8.55603182,0
-8.043316787,-9.386949956,0
-0.167682498,-4.84634223,1
-0.530564584,-0.747540865,1
-6.535962602,7.365450108,0
-1.322967015,4.543381395,1
-2.029905312,4.854130424,1
2.317001961,-1.490133311,1
2.701873017,-3.081300149,1
-9.093919805,-2.57922474,0
-2.507747707,9.752991275,0
2.517198314,-9.197816172,0
0.062725172,7.340629922,0
7.129796824,1.573508171,0
3.173872632,-1.227691616,1
-6.741311458,4.505153208,0
-8.588625052,-0.266621172,0
2.848385564,7.468464762,0
-9.469773789,8.01403728,0
1.715511625,-1.565581463,1
8.804604828,-4.463444055,0
1.509483558,1.847006572,1
-2.236601476,8.247266912,0
2.865764369,-5.78675622,1
-0.83494219,2.459331671,1
0.912335786,2.631204402,1
8.829296176,4.662260448,0
-2.277947244,-7.368646297,0
9.223811276,4.316499294,0
8.107012839,8.180650413,0
-6.084177304,-6.406337823,0
-8.612773982,-5.249133502,0
-7.984439972,9.427901881,0
-9.635563487,-6.380460946,0
-8.111140785,7.087701867,0
3.660135468,-0.154442871,1
-8.576227031,-5.055378512,0
-3.620487394,7.414998025,0
6.897506219,-1.0938949,1
-9.534561285,0.296347079,0
6.289369652,-2.815332612,1
-4.362904505,1.859017029,1
-7.636703448,-6.729522548,0
3.934743307,-2.178369267,1
2.578856936,9.388246447,0
7.549440271,-4.837331346,0
4.701420876,3.134733291,1
6.069618608,-3.496198716,1
-4.359308549,5.469462514,1
-6.451209124,-7.382526786,0
5.012295033,9.396420902,0
6.136694785,-0.924209172,1
9.81010284,-5.278990733,0
-1.747646462,-8.530065053,0
-2.559638284,-6.604841898,0
5.528259215,0.395478971,1
-3.183929195,-3.259936471,1
8.615146512,6.577667318,0
7.168255037,-1.382249527,0
-1.420119452,-5.025714548,1
5.017421356,2.342899732,1
5.090857482,4.135544338,1
-7.937522623,-6.659161842,0
8.051058134,-6.647615674,0
0.105047449,-9.266571461,0
6.529149322,4.728040301,0
-3.599007979,3.276090552,1
7.91046457,-0.507382485,0
-2.215966425,6.883408979,0
-9.78324697,6.113403059,0
8.107639528,1.707087288,0
-8.174266464,7.36542561,0
-3.613727248,-5.883175799,1
9.001239341,-7.761607612,0
9.012142939,-4.60500777,0
1.468757762,-8.858262878,0
2.636744243,0.62339056,1
-1.03108956,8.732113846,0
-4.135784566,-9.213129187,0
-3.426709093,-7.55780172,0
3.450369122,-0.956019434,1
5.047490589,8.677500351,0
5.831580875,-3.6768779,1
5.792362856,0.144696174,1
-8.175877939,-9.168542819,0
-0.111593906,-7.033135981,1
-8.8488248,9.732602459,0
0.990577646,9.302373929,0
-1.169389973,-9.901200381,0
7.754083655,9.036235708,0
-2.981699749,2.782398756,1
-7.658659671,7.35836589,0
-7.140166359,-0.905202887,0
5.230212634,0.311920572,1
2.364361266,-0.223068395,1
-7.977546478,3.337285151,0
-8.317863878,-7.206974905,0
4.019382629,-9.400528203,0
-8.544739873,-3.841401168,0
6.437201186,4.093615255,0
4.124844543,-5.962930958,0
-8.373024387,3.468648666,0
-8.303245718,9.398240922,0
9.73279157,-8.121985684,0
-2.514584085,3.452042365,1
-2.587157059,-1.124995614,1
6.255991345,7.362845088,0
8.944971548,-6.457004211,0
9.720021276,3.852519045,0
5.067563705,6.762305793,0
-2.474808289,8.892284389,0
-8.329985666,3.664960566,0
5.542938319,-0.05650472,1
1.168084995,2.356944804,1
-1.515559815,7.37809969,0
8.127087702,1.412194933,0
-7.776050354,-9.392258806,0
-0.147497914,8.61897391,0
-9.772927105,3.790535021,0
-0.62678716,3.530267716,1
-8.873934486,-5.686496952,0
-7.623641675,3.177709405,0
-7.649475064,-2.122711887,0
2.984206042,3.024659541,1
4.920897585,-7.868139394,0
1.667375302,3.156906092,1
9.243450969,9.988274515,0
-2.50258841,-9.035759223,0
-4.285758274,9.543483684,0
7.371982564,-1.861840786,0
-5.52808323,7.415069007,0
9.264450789,5.647709681,0
-9.756910506,1.34032522,0
9.397576534,4.768984185,0
-9.136801761,7.570311226,0
7.822862274,-1.917193567,0
0.554022182,-3.459336769,1
9.859295922,3.351867711,0
-8.524068705,6.156918839,0
1.077085688,5.245702696,1
9.386050712,5.956272977,0
0.461956883,-1.288333704,1
2.587972763,6.356684324,1
3.91497378,-7.595818893,0
-0.909178705,0.889781959,1
2.551161602,-9.88482679,0
1.686286238,-3.508283402,1
8.02316021,-2.670769303,0
-9.091072393,-2.076546168,0
-4.380736208,3.909344134,1
9.008229682,-2.228837975,0
7.805275678,-1.026127548,0
-0.886864944,-5.249117383,1
2.402651956,-2.534964167,1
-4.45237634,-5.454607455,1
-6.237576806,-8.536081525,0
-0.726031901,2.068971868,1
-2.932955439,3.364255971,1
1.673122237,2.38980692,1
-8.445307261,-0.730119124,0
9.487896153,-2.404284396,0
9.72421489,7.266672991,0
3.96323428,0.381635703,1
0.721927327,-0.416362447,1
-3.809447674,-9.487158684,0
6.275900394,-3.175043447,1
3.694623451,-2.396087624,1
-6.747661213,-2.023544382,1
8.21854369,1.603447385,0
6.450744858,0.672050935,1
8.995998266,2.158101856,0
4.514390168,5.297665231,1
2.268303919,6.259714774,1
-1.635139274,4.362461525,1
8.654569667,9.110473919,0
7.32127779,-9.635348346,0
-9.095626598,-6.084440286,0
-9.47266051,-9.8487425,0
-2.470732662,2.949494283,1
6.211066616,7.960610979,0
9.745522586,-5.130354068,0
-6.991662178,8.540690896,0
1.882614307,-8.794652194,0
-2.382182867,8.688720536,0
9.398287956,-2.967546255,0
6.842378463,-7.971583431,0
6.766574094,-0.282564816,1
-0.626136804,-4.864468646,1
-1.703609953,-4.302541961,1
-4.531858561,-3.854200701,1
-8.872490067,6.060517957,0
7.294447525,0.783225534,0
6.258020183,-3.773846017,0
9.994353466,2.206675666,0
9.932736741,4.323013484,0
1.108634112,-4.547519985,1
5.379748304,-1.729017969,1
8.895314598,-7.562278133,0
6.992947814,-6.377013009,0
-5.053037965,3.622357079,1
-0.989117294,-6.371233046,1
-7.416811697,0.503267673,0
9.081020545,4.180925234,0
2.123492689,-7.862461538,0
-5.42714389,1.346244393,1
3.434013688,-4.868744326,1
2.362564809,9.258537505,0
-2.836745639,-0.329087066,1
-7.728848156,6.119850996,0
3.431463912,1.004530843,1
0.406154018,-9.131749343,0
5.446367835,2.663027512,1
0.403270022,9.028066844,0
7.043630006,2.032236403,0
1.038136775,6.383777189,1
1.218759431,7.684129267,0
7.533072053,-5.438404561,0
-1.930342676,-5.759103202,1
-7.319695431,2.219619777,0
-9.424346474,-1.779430604,0
5.102745113,6.797226057,0
2.406191027,8.000462468,0
4.081595362,-2.931572414,1
-5.74071677,-5.262588821,0
-7.272570488,5.610510305,0
-9.709106687,-4.503879289,0
-2.988248824,6.45228637,0
1.798353737,-1.525234927,1
-2.155119098,3.350997986,1
-1.25050156,-8.089293723,0
8.08317389,2.477186494,0
-3.03489066,-0.964646425,1
0.279789783,1.732169264,1
5.673060255,-6.639715845,0
-2.069144354,4.737474899,1
2.441734005,7.255941551,0
7.247274175,-5.665203998,0
8.990412473,-8.08570889,0
-7.058530381,-9.527228279,0
8.531752503,2.839430009,0
-0.157674138,2.141880722,1
-4.835112234,0.933948254,1
-0.817284875,-5.361058078,1
9.600651506,-2.181880082,0
-0.14763812,1.889526704,1
-3.424967794,-0.064662823,1
2.668017086,9.755710404,0
-5.197087624,-7.271204949,0
-8.482733438,3.902891081,0
-7.422405562,-1.913624638,0
-7.439083221,-1.436007701,0
-6.96194613,4.351955313,0
-7.223456547,3.848723026,0
2.817494896,9.825119874,0
-6.362398312,-7.432114211,0
-3.086654334,-7.917807012,0
7.935768198,4.486776343,0
-0.520767195,1.56773834,1
3.35115477,-4.516786669,1
-6.553602576,-8.41161262,0
-6.154219624,-8.286835008,0
-9.182627675,7.883817493,0
-6.621298739,-6.162653506,0
-4.428193219,-3.532568758,1
-6.459790314,-5.466871955,0
-8.225949325,-2.900073883,0
-7.587282578,-8.611523145,0
-0.784424639,0.381195818,1
-5.873325632,-8.647748728,0
-2.714602779,6.007130156,1
0.068345417,-5.325758362,1
3.807896573,0.800238292,1
-9.213757203,7.601581751,0
5.988207978,3.017547381,1
2.55800779,0.659155731,1
-8.364819361,-3.513324938,0
7.471572482,-3.339961739,0
8.417448011,3.389739104,0
-8.778440803,9.882787224,0
-4.462447037,3.236783797,1
6.124025596,1.155668347,1
4.965193808,4.613010205,1
-6.309579613,-0.695887754,1
-5.813013533,-8.797153148,0
-2.590557944,1.245936318,1
-0.309540296,9.15250569,0
2.365095431,-6.493941153,1
-2.621727209,3.800097816,1
-0.749305677,-5.981326227,1
4.949418763,0.716553689,1
-9.266335942,-8.066471007,0
-4.951261113,-0.992581275,1
4.266991718,5.123266578,1
7.904136754,-3.048569515,0
0.233548842,3.29823449,1
0.642269705,5.908999216,1
-7.856559773,8.54355639,0
-1.051752664,-5.307158363,1
0.652345329,-2.013681684,1
-5.150589927,-6.951679733,0
-4.615135381,9.849670043,0
-2.454316738,8.540019358,0
-9.598576044,0.799142606,0
-3.558416688,6.840665888,0
-5.77103986,0.419159545,1
-3.450052956,2.47171376,1
-7.604757364,-8.217511358,0
7.810545615,5.10540841,0
1.871849071,-7.445730327,0
3.582046383,6.521352605,0
5.783424772,5.640561753,0
-0.031156021,4.174893955,1
-8.261594238,-9.27679239,0
0.742130836,-3.937432881,1
1.73682236,-4.737748602,1
4.908789484,-2.797271851,1
-1.366809075,-8.247145065,0
-7.448393944,8.739156461,0
-4.324481884,1.076044814,1
-2.738354072,-3.889513787,1
2.918344827,-2.060369659,1
1.415566093,-1.05594919,1
-2.878065482,2.011886667,1
9.730304976,0.313588554,0
2.115496387,8.387839464,0
-5.255464165,-0.060730342,1
-7.964350548,9.843160296,0
-6.942817216,7.028499155,0
-5.080845432,-5.829789713,0
-6.786372535,8.611904293,0
-6.268659519,-7.672672042,0
-4.298096626,6.34899417,0
-6.532528094,-2.38753413,1
7.935308493,7.559486409,0
-8.395325087,7.361133802,0
0.490227791,6.118508002,1
-1.79206346,5.800608726,1
9.647572338,-3.906417218,0
-7.759221957,-8.381614339,0
-2.042888019,-1.940396425,1
9.389408666,-6.5295097,0
7.310142518,3.899021778,0
6.341441419,-3.078005469,1
-4.841943459,9.512204017,0
-6.582248252,2.819441547,0
3.372864398,6.449611273,0
8.587519783,-7.349506545,0
1.13525786,7.240289645,0
1.432253789,8.45514381,0
-4.400418127,-0.258761624,1
5.389858664,2.125058755,1
-6.259125029,5.296196018,0
-3.526415272,-6.503227455,0
-1.491271228,0.051321529,1
0.152207574,-2.026739445,1
-5.151805352,-7.072520157,0
-7.703263505,-2.649311554,0
2.212400849,-8.636553812,0
-4.227388935,-9.483761861,0
1.624764428,-7.296674217,0
-6.912745695,9.262302232,0
-0.377197963,0.990590718,1
0.651788651,9.316443223,0
-8.963529264,-1.350042433,0
-3.267914436,-3.763677338,1
-7.311706461,0.122837257,0
-8.732500591,-1.209766227,0
9.799204648,-7.886706315,0
-3.552923101,2.816526294,1
6.197488917,-5.67923635,0
-4.907186905,2.391759098,1
3.630054444,3.004021848,1
5.204557198,-6.959502937,0
1.912774812,-8.773007458,0
-0.568476229,5.615231721,1
-1.763181717,-0.803991525,1
-3.022634669,-8.83672409,0
8.590582885,9.897326343,0
6.612388156,-8.84438878,0
9.300538213,3.900704577,0
-7.51405553,9.673578505,0
4.617349504,-5.216397916,1
8.766809136,-7.155012626,0
-6.375338677,-7.572301212,0
-8.670074653,-3.934497049,0
4.822412986,-7.97908378,0
1.489462264,3.843226834,1
6.836575535,-8.754164037,0
-7.204552467,0.188442563,0
5.905346237,9.933937077,0
-5.967453599,6.27940539,0
-6.726881143,2.304388765,0
-6.714684041,-3.874927584,0
6.291494405,2.477916726,1
3.303944414,0.540829278,1
0.461308495,-1.478332322,1
-2.823390318,-7.385792465,0
7.544010816,7.732084305,0
-2.151097852,-1.004307024,1
6.331988789,-6.107549764,0
-1.217301829,-2.644812982,1
-2.461111412,-1.717404949,1
-0.746404287,6.550757911,1
-3.972442517,4.672287611,1
4.952187604,5.386097873,0
0.054407802,-9.779374711,0
-5.355746097,-1.676920036,1
7.991491465,-0.373116967,0
-2.322175573,-9.616154464,0
0.871057222,-4.803735825,1
8.129442219,5.205796462,0
2.484759918,-7.257805885,0
-7.662039186,0.706202629,0
8.796642472,-5.69596256,0
2.554161061,-9.757584507,0
-3.301887707,-5.175970848,1
-7.214558547,9.517475098,0
5.880503785,6.030742238,0
2.401455119,9.191532886,0
0.66922184,-0.242919121,1
7.877851661,-7.805276026,0
5.771944224,0.959189779,1
-6.966502405,-0.912453309,1
-3.765558644,6.887141655,0
-5.030217204,-8.038348384,0
4.878925851,-0.23517726,1
-9.329351305,-6.999026706,0
1.397793697,-3.506481462,1
5.249173715,4.747141548,0
7.535312735,-0.479637413,0
-3.158365026,-2.482234297,1
6.425146093,-2.110474429,1
-7.787365261,-0.811064632,0
6.929045835,5.700330877,0
-7.450226753,7.841693779,0
-2.054254189,9.10669373,0
5.945907316,5.738067725,0
-7.001651453,-3.691862085,0
-5.414972095,3.762694122,1
4.445051368,-1.247937519,1
4.400730731,-4.906587559,1
2.822952658,6.817431589,0
3.878968889,-9.231473021,0
0.854488867,8.035239843,0
-4.964018822,-0.770450708,1
-3.08608013,2.744029536,1
-6.368045664,3.187078444,0
8.169011227,7.902354814,0
1.667835895,2.733393643,1
-1.982971665,2.278671695,1
-0.759883927,-8.666959189,0
8.945666792,0.368160439,0
-6.932971938,-6.996619984,0
1.72459664,4.748675374,1
0.117773578,0.244438416,1
2.229084709,3.604555584,1
-9.637796324,-9.166541988,0
7.442478179,-8.304159679,0
8.64236565,4.326467761,0
1.302663672,-8.55831328,0
3.933016478,-8.574865445,0
8.449987624,-9.757830495,0
4.144772686,9.130027966,0
-6.949219142,4.750167189,0
1.525767203,-2.93497183,1
2.134300928,-4.069288374,1
-1.517386574,-3.005935405,1
4.728884712,5.493070624,0
8.687340295,3.227412221,0
8.511370258,-6.296088643,0
-0.983212572,-6.517813293,1
-7.735239083,-8.032087006,0
9.696823979,3.206054394,0
6.777961729,5.287453244,0
-7.506746376,-4.699071433,0
8.416837652,-9.581100779,0
7.397927241,-8.35656665,0
0.376761143,9.357200697,0
1.825508715,-4.09110445,1
-2.019945923,5.384462957,1
-8.904767224,2.493271377,0
-3.296055167,-2.361207207,1
6.057068972,-5.886254756,0
-9.90735954,-7.572271637,0
-3.330016566,2.300259361,1
-2.036626128,5.492675613,1
0.747912059,2.878085071,1
8.397112328,0.606042665,0
-3.073080113,-9.160975531,0
-3.060935962,9.369775552,0
4.750024962,5.974283833,0
-0.955641182,-4.143559266,1
-5.507903541,9.599406587,0
-0.951209677,2.037631793,1
-7.182859592,1.648453164,0
-6.47226027,4.961463589,0
-0.032644545,6.235395762,1
-1.62149101,3.129572147,1
8.296918021,-7.438085073,0
-2.752122018,-3.23464988,1
1.611767006,8.561672807,0
2.645285758,-5.507687763,1
-9.738110868,-2.556659523,0
3.27074744,-1.358462341,1
-6.439280663,-1.211900206,1
9.221406349,2.25879165,0
-7.026745445,8.861516755,0
-1.707517525,-5.186145763,1
-8.293006638,-7.569972474,0
9.937485037,-6.050590203,0
0.043900207,7.738498004,0
1.907700346,2.916216253,1
-8.658470452,-4.281864215,0
4.999209408,6.318938779,0
-5.801888138,7.227399927,0
7.961085789,6.930286774,0
-5.89720719,8.378530673,0
-6.186245587,-4.955179597,0
-9.269006643,5.100838575,0
-0.558661098,-0.789210055,1
1.296822665,6.839971058,1
-8.685827211,4.569813543,0
5.510552334,5.52894893,0
-0.934223305,3.123236754,1
0.487805387,-6.451424611,1
-1.184745061,0.900538378,1
-1.984738782,9.69339479,0
1.192806626,8.74776133,0
-6.895195081,-9.136525284,0
-6.36143739,-6.703703685,0
7.23571242,-7.365424531,0
8.922309243,4.5195982,0
-2.533813674,6.355706597,1
-4.585106537,-5.729772674,0
2.879990865,0.117053859,1
-1.825316578,6.81406056,1
-9.492272887,4.656030895,0
-6.876948053,0.84474411,1
4.319444577,1.806953809,1
3.178478838,0.167210938,1
-9.45808015,-4.049030974,0
-5.560556761,1.300439857,1
-5.378504068,3.777706041,1
3.437854872,7.466458317,0
-9.605789245,2.72582708,0
-7.91782836,5.222430741,0
5.998321707,-6.798567301,0
-6.429106759,-0.768850512,1
3.054922157,-9.813367603,0
-5.236344379,-5.06642271,0
-8.011172145,4.529234302,0
-5.13655618,9.836199027,0
4.445338637,-8.016438008,0
7.113929362,-1.970113683,0
6.604397291,6.001419374,0
-2.056329408,-5.919287307,1
3.361702731,1.101698986,1
-5.900314092,4.661425921,0
-4.137045395,2.319709005,1
7.92671637,-6.239505308,0
-9.73996153,-2.892308626,0
-8.289829383,5.67583569,0
-5.842274897,1.084530283,1
-9.469355923,-9.895407729,0
-6.371291298,5.219815201,0
1.660831219,-9.293772901,0
-1.571508988,4.914675655,1
7.853434222,-5.950388797,0
6.348871235,9.161469602,0
-3.163652966,-2.641184974,1
-4.811531331,-3.461367673,1
-2.406151837,-7.022238993,0
1.80589885,-3.88791569,1
-4.638727184,7.533015237,0
2.482978157,9.926686753,0
-1.811766956,-2.63380939,1
1.040943617,-1.027787381,1
-1.277469417,4.441418764,1
-4.110684809,7.723915609,0
8.969066139,1.860886684,0
5.272115883,-2.169486036,1
-7.197736485,-1.747563183,0
7.369359518,3.91236293,0
-0.251376035,-9.935634728,0
7.891044538,2.391786749,0
5.997105119,-2.890139791,1
-1.495729911,5.883946626,1
-9.550613834,-8.140187204,0
-4.626452812,1.764045339,1
0.832684293,-0.380542202,1
2.669564397,2.846510518,1
-4.842246291,-8.70292811,0
-7.212878519,1.599675749,0
6.698604736,1.229691759,1
9.688043614,1.213201888,0
0.513803646,2.069753332,1
-6.566414283,3.529358745,0
-4.55385347,6.099779994,0
-9.632186469,-4.603585597,0
8.285976131,6.500988204,0
-7.644978342,-0.034886355,0
1.53032951,-8.458834417,0
-4.518895586,-8.828981415,0
1.08356005,-3.315233626,1
3.028407767,5.697939542,1
6.594836074,4.153618695,0
-5.871574565,5.772299293,0
-9.780083427,0.345381129,0
-7.262287399,-1.196020041,0
8.000372837,-7.050949466,0
7.477801551,-3.436144928,0
1.948262043,-1.319612677,1
2.010337209,-8.227991406,0
3.300733491,-5.587760946,1
-6.492574428,1.964505881,1
8.288238918,4.713262285,0
-1.624589502,9.966950228,0
-2.337229435,8.662266627,0
0.378354106,2.851303991,1
-9.060680664,-1.575038934,0
-6.674332625,2.723547294,0
4.760672329,5.713032362,0
-8.344026641,-7.633276182,0
2.063042189,-1.801902206,1
-5.093017806,6.796045713,0
-2.214087719,-2.323340961,1
-4.226125265,1.437445425,1
-2.886545671,1.755387217,1
4.380918104,-6.310474937,0
-4.057565688,-2.755291167,1
1.328092806,-3.309774225,1
-0.478991956,-9.476065829,0
3.273423307,-9.516164722,0
8.736594786,6.633940874,0
4.651441944,-4.538583801,1
-5.701192428,0.361575325,1
-9.376337299,-4.025488528,0
-4.754719114,8.813584902,0
1.901558614,-4.814064823,1
-8.97148373,-1.406863745,0
-0.072675056,7.45460501,0
1.936856978,6.838671336,0
-3.315122184,-6.277971643,0
5.418244075,6.052866196,0
-7.868034937,-0.836262265,0
-8.497244365,-0.340622558,0
4.563775124,-7.330400552,0
-0.090173676,-8.387969725,0
3.768047929,4.558786139,1
-1.303453228,-0.070776953,1
-5.071959335,-1.262985948,1
6.382046353,4.590164573,0
5.988317579,5.31025798,0
3.893929417,-6.821836647,0
-4.557097255,2.20450299,1
1.804613337,-7.292918354,0
-2.780522061,5.027501721,1
-8.168358533,3.139103125,0
8.346271509,9.132292422,0
-7.263627382,-8.620839673,0
9.004747076,-8.858905577,0
-1.079884541,-4.356258506,1
